{
    "candidatosPorEstado": {
      "RR": 13,
      "RS": 11,
      "PR": 9,
      "DF": 12,
      "SC": 9,
      "SE": 22,
      "MA": 20,
      "MG": 8,
      "SP": 12,
      "AC": 8,
      "CE": 8,
      "MS": 10,
      "MT": 16,
      "GO": 9,
      "AL": 10,
      "AM": 5,
      "ES": 10,
      "AP": 9,
      "PA": 8,
      "PB": 11,
      "PE": 13,
      "RJ": 10,
      "PI": 11,
      "TO": 12,
      "RN": 10,
      "RO": 10,
      "BA": 14
    },
    "percentualObesosHomens": 0.0,
    "imcPorFaixaEtaria": {
      "20-29": 24.753963864770718,
      "30-39": 25.487620372304615,
      "40-49": 24.14236921604393,
      "50-59": 24.359117858674765,
      "60-69": 24.909817551531948,
      "70-79": 23.729247429118587,
      "80-89": 24.549975358387584
    },
    "possiveisDoadores": {
      "B+": 156,
      "A+": 152,
      "AB+": 300,
      "B-": 76,
      "AB-": 147,
      "O+": 71,
      "A-": 77,
      "O-": 36
    },
    "idadePorSangue": {
      "B+": 57.044444444444444,
      "AB+": 58.303030303030305,
      "A+": 54.675,
      "B-": 55.425,
      "O+": 57.02857142857143,
      "A-": 47.24390243902439,
      "AB-": 54.43333333333333,
      "O-": 51.666666666666664
    },
    "percentualObesosMulheres": 0.0
  }